{
  "version": 3,
  "cmakeMinimumRequired": {
      "major": 3,
      "minor": 22,
      "patch": 0
  },
  "configurePresets": [
      {
          "name": "base",
          "generator": "Ninja",
          "hidden": true,
          "cacheVariables": {
              "CXXOPTS_BUILD_TESTS": "OFF",
              "CXXOPTS_BUILD_EXAMPLES": "OFF"
          }
      },
      {
          "name": "release",
          "inherits": "base",
          "binaryDir": "${sourceDir}/build/release",
          "cacheVariables": {
              "CMAKE_BUILD_TYPE": "Release"
          }
      },
      {
          "name": "debug",
          "inherits": "base",
          "binaryDir": "${sourceDir}/build/debug",
          "cacheVariables": {
              "CMAKE_BUILD_TYPE": "Debug"
          }
      }
  ],
  "buildPresets": [
      {
          "name": "release",
          "configurePreset": "release",
          "jobs": 4
      },
      {
          "name": "debug",
          "configurePreset": "debug",
          "jobs": 4
      }
  ],
  "testPresets": [
      {
          "name": "release",
          "configurePreset": "release"
      },
      {
          "name": "debug",
          "configurePreset": "debug"
      }
  ]
}